{
  "system_info": {
    "cpu_count": 8,
    "memory_gb": 47.81173324584961,
    "platform": "win32"
  },
  "benchmark_summary": {
    "total_tests": 8,
    "best_performance": {
      "name": "Baseline Parser",
      "rps": 18795.765424697496,
      "advantage": 3.383576134058955
    },
    "target_achieved": false,
    "max_advantage": 3.383576134058955
  },
  "improvements_over_baseline": {
    "Optimized Parser": {
      "speedup": 0.8075595447559691,
      "memory_ratio": 0.4350328225175755,
      "competitive_advantage": 2.732439202467812
    },
    "Parallel Parser (2 workers)": {
      "speedup": 0.5909936421546671,
      "memory_ratio": 2.7537993214007024,
      "competitive_advantage": 1.99967198297511
    },
    "Parallel Parser (4 workers)": {
      "speedup": 0.8065790225117668,
      "memory_ratio": 2.732156814626733,
      "competitive_advantage": 2.729121530803415
    },
    "Parallel Parser (8 workers)": {
      "speedup": 0.674449892663015,
      "memory_ratio": 2.6775773374027,
      "competitive_advantage": 2.282052560433202
    },
    "Scalability Test (small)": {
      "speedup": 0.9068878295395894,
      "memory_ratio": 0.22326918088179362,
      "competitive_advantage": 3.0685240162986807
    },
    "Scalability Test (medium)": {
      "speedup": 0.9665922217476767,
      "memory_ratio": 0.2232711348740251,
      "competitive_advantage": 3.27053837287246
    },
    "Scalability Test (large)": {
      "speedup": 0.8892251127074591,
      "memory_ratio": 0.2232689144283075,
      "competitive_advantage": 3.008760869162843
    }
  },
  "all_results": [
    {
      "name": "Baseline Parser",
      "duration_seconds": 2.6601736545562744,
      "records_processed": 50000,
      "bytes_processed": 52428800,
      "memory_peak_mb": 85.89935874938965,
      "records_per_second": 18795.765424697496,
      "mbytes_per_second": 18.795765424697496,
      "competitive_advantage": 3.383576134058955,
      "optimization_type": "baseline"
    },
    {
      "name": "Optimized Parser",
      "duration_seconds": 3.2940897941589355,
      "records_processed": 50000,
      "bytes_processed": 52428800,
      "memory_peak_mb": 37.36904048919678,
      "records_per_second": 15178.699769708695,
      "mbytes_per_second": 15.178699769708695,
      "competitive_advantage": 2.732439202467812,
      "optimization_type": "optimized"
    },
    {
      "name": "Parallel Parser (2 workers)",
      "duration_seconds": 4.501188278198242,
      "records_processed": 50000,
      "bytes_processed": 209715200,
      "memory_peak_mb": 236.5495958328247,
      "records_per_second": 11108.177865426736,
      "mbytes_per_second": 44.43271146170695,
      "competitive_advantage": 1.99967198297511,
      "optimization_type": "parallel"
    },
    {
      "name": "Parallel Parser (4 workers)",
      "duration_seconds": 3.2980942726135254,
      "records_processed": 50000,
      "bytes_processed": 209715200,
      "memory_peak_mb": 234.69051837921143,
      "records_per_second": 15160.270103612971,
      "mbytes_per_second": 60.641080414451885,
      "competitive_advantage": 2.729121530803415,
      "optimization_type": "parallel"
    },
    {
      "name": "Parallel Parser (8 workers)",
      "duration_seconds": 3.9442124366760254,
      "records_processed": 50000,
      "bytes_processed": 209715200,
      "memory_peak_mb": 230.00217628479004,
      "records_per_second": 12676.801973206435,
      "mbytes_per_second": 50.70720789282574,
      "competitive_advantage": 2.282052560433202,
      "optimization_type": "parallel"
    },
    {
      "name": "Scalability Test (small)",
      "duration_seconds": 1.4666497707366943,
      "records_processed": 25000,
      "bytes_processed": 10485760,
      "memory_peak_mb": 19.17867946624756,
      "records_per_second": 17045.65091053917,
      "mbytes_per_second": 6.818260364215669,
      "competitive_advantage": 3.0685240162986807,
      "optimization_type": "scalability"
    },
    {
      "name": "Scalability Test (medium)",
      "duration_seconds": 1.3760578632354736,
      "records_processed": 25000,
      "bytes_processed": 52428800,
      "memory_peak_mb": 19.178847312927246,
      "records_per_second": 18167.840661306516,
      "mbytes_per_second": 36.335681322613034,
      "competitive_advantage": 3.27053837287246,
      "optimization_type": "scalability"
    },
    {
      "name": "Scalability Test (large)",
      "duration_seconds": 1.4957818984985352,
      "records_processed": 25000,
      "bytes_processed": 209715200,
      "memory_peak_mb": 19.178656578063965,
      "records_per_second": 16713.666628199593,
      "mbytes_per_second": 133.70933302559675,
      "competitive_advantage": 3.008760869162843,
      "optimization_type": "scalability"
    }
  ]
}